<?xml version="1.0" encoding="UTF-8" standalone="yes"?>
<manifest>
  <control namespace="Rimco" constructor="TextInputComponent" version="0.0.7" display-name-key="TextInputComponent" description-key="TextInputComponent description" control-type="standard" api-version="1.3.14">
    <external-service-usage enabled="false"/>
    <property name="enteredText" display-name-key="Property_Display_Key" description-key="Property_Desc_Key" of-type="SingleLine.Text" usage="bound" required="true"/>
    <property name="inputWidth" display-name-key="InputWidth_Display_Key" description-key="InputWidth_Desc_Key" of-type="Whole.None" usage="bound" required="false"/>
    <property name="inputHeight" display-name-key="InputHeight_Display_Key" description-key="InputHeight_Desc_Key" of-type="Whole.None" usage="bound" required="false"/>
    <resources>
      <code path="bundle.js" order="1"/>
      <resx path="strings/TextInputComponent.resx" version="1.0.0"/>
    </resources>
    <built-by name="pac" version="1.32.5"/>
  </control>
</manifest>